"filename", "language", "Go Checksum File", "Go", "HTML", "Go Module File", "Markdown", "MS SQL", "sqlite3-editor-database", "JSON", "Python", "CSS", "JavaScript", "comment", "blank", "total"
"y:\github\webstress-api\README.md", "Markdown", 0, 0, 0, 0, 135, 0, 0, 0, 0, 0, 0, 0, 53, 188
"y:\github\webstress-api\assets\branding\new\css\admin\chat.css", "CSS", 0, 0, 0, 0, 0, 0, 0, 0, 0, 372, 0, 3, 61, 436
"y:\github\webstress-api\assets\branding\new\css\admin\dash.css", "CSS", 0, 0, 0, 0, 0, 0, 0, 0, 0, 317, 0, 2, 57, 376
"y:\github\webstress-api\assets\branding\new\css\admin\forms.css", "CSS", 0, 0, 0, 0, 0, 0, 0, 0, 0, 385, 0, 13, 51, 449
"y:\github\webstress-api\assets\branding\new\css\admin\settings1.css", "CSS", 0, 0, 0, 0, 0, 0, 0, 0, 0, 505, 0, 9, 77, 591
"y:\github\webstress-api\assets\branding\new\css\admin\tickets.css", "CSS", 0, 0, 0, 0, 0, 0, 0, 0, 0, 264, 0, 4, 50, 318
"y:\github\webstress-api\assets\branding\new\css\animations.css", "CSS", 0, 0, 0, 0, 0, 0, 0, 0, 0, 100, 0, 3, 15, 118
"y:\github\webstress-api\assets\branding\new\css\api1.css", "CSS", 0, 0, 0, 0, 0, 0, 0, 0, 0, 284, 0, 4, 47, 335
"y:\github\webstress-api\assets\branding\new\css\charts1.css", "CSS", 0, 0, 0, 0, 0, 0, 0, 0, 0, 241, 0, 2, 40, 283
"y:\github\webstress-api\assets\branding\new\css\chat.css", "CSS", 0, 0, 0, 0, 0, 0, 0, 0, 0, 230, 0, 3, 36, 269
"y:\github\webstress-api\assets\branding\new\css\dash1.css", "CSS", 0, 0, 0, 0, 0, 0, 0, 0, 0, 690, 0, 7, 119, 816
"y:\github\webstress-api\assets\branding\new\css\forms1.css", "CSS", 0, 0, 0, 0, 0, 0, 0, 0, 0, 278, 0, 8, 42, 328
"y:\github\webstress-api\assets\branding\new\css\loader.css", "CSS", 0, 0, 0, 0, 0, 0, 0, 0, 0, 122, 0, 6, 13, 141
"y:\github\webstress-api\assets\branding\new\css\login.css", "CSS", 0, 0, 0, 0, 0, 0, 0, 0, 0, 350, 0, 0, 40, 390
"y:\github\webstress-api\assets\branding\new\css\shop.css", "CSS", 0, 0, 0, 0, 0, 0, 0, 0, 0, 172, 0, 1, 24, 197
"y:\github\webstress-api\assets\branding\new\css\style.css", "CSS", 0, 0, 0, 0, 0, 0, 0, 0, 0, 566, 0, 9, 98, 673
"y:\github\webstress-api\assets\branding\new\css\ticket.css", "CSS", 0, 0, 0, 0, 0, 0, 0, 0, 0, 256, 0, 3, 44, 303
"y:\github\webstress-api\assets\branding\new\css\transaction.css", "CSS", 0, 0, 0, 0, 0, 0, 0, 0, 0, 218, 0, 1, 38, 257
"y:\github\webstress-api\assets\branding\new\imports\charts2.js", "JavaScript", 0, 0, 0, 0, 0, 0, 0, 0, 0, 0, 199, 22, 32, 253
"y:\github\webstress-api\assets\branding\new\imports\loader3.js", "JavaScript", 0, 0, 0, 0, 0, 0, 0, 0, 0, 0, 72, 1, 8, 81
"y:\github\webstress-api\assets\branding\new\imports\toastr1.js", "JavaScript", 0, 0, 0, 0, 0, 0, 0, 0, 0, 0, 183, 0, 18, 201
"y:\github\webstress-api\assets\branding\new\js\admin\chats.js", "JavaScript", 0, 0, 0, 0, 0, 0, 0, 0, 0, 0, 155, 3, 25, 183
"y:\github\webstress-api\assets\branding\new\js\admin\dash2.js", "JavaScript", 0, 0, 0, 0, 0, 0, 0, 0, 0, 0, 222, 36, 23, 281
"y:\github\webstress-api\assets\branding\new\js\admin\edituser.js", "JavaScript", 0, 0, 0, 0, 0, 0, 0, 0, 0, 0, 198, 24, 32, 254
"y:\github\webstress-api\assets\branding\new\js\login3.js", "JavaScript", 0, 0, 0, 0, 0, 0, 0, 0, 0, 0, 93, 10, 26, 129
"y:\github\webstress-api\assets\branding\new\js\main.js", "JavaScript", 0, 0, 0, 0, 0, 0, 0, 0, 0, 0, 134, 7, 9, 150
"y:\github\webstress-api\assets\branding\new\js\nav1.js", "JavaScript", 0, 0, 0, 0, 0, 0, 0, 0, 0, 0, 104, 16, 20, 140
"y:\github\webstress-api\assets\branding\new\js\user\api1.js", "JavaScript", 0, 0, 0, 0, 0, 0, 0, 0, 0, 0, 165, 16, 23, 204
"y:\github\webstress-api\assets\branding\new\js\user\dash12.js", "JavaScript", 0, 0, 0, 0, 0, 0, 0, 0, 0, 0, 39, 1, 7, 47
"y:\github\webstress-api\assets\branding\new\js\user\panel3.js", "JavaScript", 0, 0, 0, 0, 0, 0, 0, 0, 0, 0, 136, 19, 27, 182
"y:\github\webstress-api\assets\branding\new\js\user\shop\deposit2.js", "JavaScript", 0, 0, 0, 0, 0, 0, 0, 0, 0, 0, 93, 5, 26, 124
"y:\github\webstress-api\assets\branding\new\js\user\shop\shop5.js", "JavaScript", 0, 0, 0, 0, 0, 0, 0, 0, 0, 0, 166, 11, 24, 201
"y:\github\webstress-api\assets\branding\new\js\user\shop\transaction.js", "JavaScript", 0, 0, 0, 0, 0, 0, 0, 0, 0, 0, 85, 8, 15, 108
"y:\github\webstress-api\assets\client\attack.go", "Go", 0, 83, 0, 0, 0, 0, 0, 0, 0, 0, 0, 6, 12, 101
"y:\github\webstress-api\assets\client\client.go", "Go", 0, 95, 0, 0, 0, 0, 0, 0, 0, 0, 0, 4, 11, 110
"y:\github\webstress-api\assets\client\config.go", "Go", 0, 25, 0, 0, 0, 0, 0, 0, 0, 0, 0, 0, 5, 30
"y:\github\webstress-api\assets\client\config.json", "JSON", 0, 0, 0, 0, 0, 0, 0, 8, 0, 0, 0, 0, 1, 9
"y:\github\webstress-api\assets\client\go.mod", "Go Module File", 0, 0, 0, 2, 0, 0, 0, 0, 0, 0, 0, 0, 2, 4
"y:\github\webstress-api\assets\client\message.go", "Go", 0, 119, 0, 0, 0, 0, 0, 0, 0, 0, 0, 5, 16, 140
"y:\github\webstress-api\assets\client\methods.go", "Go", 0, 17, 0, 0, 0, 0, 0, 0, 0, 0, 0, 0, 4, 21
"y:\github\webstress-api\assets\client\methods.json", "JSON", 0, 0, 0, 0, 0, 0, 0, 9, 0, 0, 0, 0, 0, 9
"y:\github\webstress-api\assets\config\apis.json", "JSON", 0, 0, 0, 0, 0, 0, 0, 39, 0, 0, 0, 0, 1, 40
"y:\github\webstress-api\assets\config\bot.py", "Python", 0, 0, 0, 0, 0, 0, 0, 0, 0, 0, 0, 0, 1, 1
"y:\github\webstress-api\assets\config\config.json", "JSON", 0, 0, 0, 0, 0, 0, 0, 14, 0, 0, 0, 0, 0, 14
"y:\github\webstress-api\assets\config\methods.json", "JSON", 0, 0, 0, 0, 0, 0, 0, 122, 0, 0, 0, 0, 1, 123
"y:\github\webstress-api\assets\config\plans.json", "JSON", 0, 0, 0, 0, 0, 0, 0, 121, 0, 0, 0, 0, 0, 121
"y:\github\webstress-api\assets\config\servers.json", "JSON", 0, 0, 0, 0, 0, 0, 0, 5, 0, 0, 0, 0, 1, 6
"y:\github\webstress-api\assets\database.db", "sqlite3-editor-database", 0, 0, 0, 0, 0, 0, 2745, 0, 0, 0, 0, 0, 149, 2894
"y:\github\webstress-api\assets\database.sql", "MS SQL", 0, 0, 0, 0, 0, 108, 0, 0, 0, 0, 0, 0, 9, 117
"y:\github\webstress-api\assets\html\404.html", "HTML", 0, 0, 1, 0, 0, 0, 0, 0, 0, 0, 0, 0, 0, 1
"y:\github\webstress-api\assets\html\admin\chat.html", "HTML", 0, 0, 122, 0, 0, 0, 0, 0, 0, 0, 0, 2, 8, 132
"y:\github\webstress-api\assets\html\admin\dashV2.html", "HTML", 0, 0, 79, 0, 0, 0, 0, 0, 0, 0, 0, 3, 7, 89
"y:\github\webstress-api\assets\html\admin\editUser.html", "HTML", 0, 0, 102, 0, 0, 0, 0, 0, 0, 0, 0, 3, 8, 113
"y:\github\webstress-api\assets\html\admin\servers.html", "HTML", 0, 0, 489, 0, 0, 0, 0, 0, 0, 0, 0, 26, 28, 543
"y:\github\webstress-api\assets\html\admin\settings.html", "HTML", 0, 0, 390, 0, 0, 0, 0, 0, 0, 0, 0, 5, 33, 428
"y:\github\webstress-api\assets\html\admin\tickets.html", "HTML", 0, 0, 190, 0, 0, 0, 0, 0, 0, 0, 0, 0, 17, 207
"y:\github\webstress-api\assets\html\admin\ul.html", "HTML", 0, 0, 355, 0, 0, 0, 0, 0, 0, 0, 0, 25, 31, 411
"y:\github\webstress-api\assets\html\api\api.html", "HTML", 0, 0, 265, 0, 0, 0, 0, 0, 0, 0, 0, 4, 9, 278
"y:\github\webstress-api\assets\html\attack\attack.html", "HTML", 0, 0, 90, 0, 0, 0, 0, 0, 0, 0, 0, 3, 6, 99
"y:\github\webstress-api\assets\html\construction.html", "HTML", 0, 0, 27, 0, 0, 0, 0, 0, 0, 0, 0, 1, 2, 30
"y:\github\webstress-api\assets\html\dstat\index.html", "HTML", 0, 0, 115, 0, 0, 0, 0, 0, 0, 0, 0, 0, 16, 131
"y:\github\webstress-api\assets\html\landing\index.html", "HTML", 0, 0, 168, 0, 0, 0, 0, 0, 0, 0, 0, 9, 19, 196
"y:\github\webstress-api\assets\html\login\login.html", "HTML", 0, 0, 92, 0, 0, 0, 0, 0, 0, 0, 0, 0, 5, 97
"y:\github\webstress-api\assets\html\nav.html", "HTML", 0, 0, 187, 0, 0, 0, 0, 0, 0, 0, 0, 2, 6, 195
"y:\github\webstress-api\assets\html\user\account.html", "HTML", 0, 0, 434, 0, 0, 0, 0, 0, 0, 0, 0, 24, 27, 485
"y:\github\webstress-api\assets\html\user\chats.html", "HTML", 0, 0, 190, 0, 0, 0, 0, 0, 0, 0, 0, 1, 30, 221
"y:\github\webstress-api\assets\html\user\dash.html", "HTML", 0, 0, 219, 0, 0, 0, 0, 0, 0, 0, 0, 2, 12, 233
"y:\github\webstress-api\assets\html\user\deposit.html", "HTML", 0, 0, 50, 0, 0, 0, 0, 0, 0, 0, 0, 2, 6, 58
"y:\github\webstress-api\assets\html\user\faq.html", "HTML", 0, 0, 421, 0, 0, 0, 0, 0, 0, 0, 0, 2, 57, 480
"y:\github\webstress-api\assets\html\user\newTicket.html", "HTML", 0, 0, 205, 0, 0, 0, 0, 0, 0, 0, 0, 2, 13, 220
"y:\github\webstress-api\assets\html\user\transaction.html", "HTML", 0, 0, 73, 0, 0, 0, 0, 0, 0, 0, 0, 0, 4, 77
"y:\github\webstress-api\assets\html\user\upgrade.html", "HTML", 0, 0, 27, 0, 0, 0, 0, 0, 0, 0, 0, 2, 1, 30
"y:\github\webstress-api\assets\servers.static.html", "HTML", 0, 0, 23, 0, 0, 0, 0, 0, 0, 0, 0, 0, 0, 23
"y:\github\webstress-api\assets\tgbot\config.json", "JSON", 0, 0, 0, 0, 0, 0, 0, 14, 0, 0, 0, 0, 1, 15
"y:\github\webstress-api\assets\tgbot\core\api\api.go", "Go", 0, 14, 0, 0, 0, 0, 0, 0, 0, 0, 0, 54, 4, 72
"y:\github\webstress-api\assets\tgbot\core\api\index.go", "Go", 0, 12, 0, 0, 0, 0, 0, 0, 0, 0, 0, 0, 3, 15
"y:\github\webstress-api\assets\tgbot\core\commands\auth.go", "Go", 0, 27, 0, 0, 0, 0, 0, 0, 0, 0, 0, 2, 8, 37
"y:\github\webstress-api\assets\tgbot\core\commands\info.go", "Go", 0, 19, 0, 0, 0, 0, 0, 0, 0, 0, 0, 1, 7, 27
"y:\github\webstress-api\assets\tgbot\core\commands\start.go", "Go", 0, 38, 0, 0, 0, 0, 0, 0, 0, 0, 0, 0, 5, 43
"y:\github\webstress-api\assets\tgbot\core\handler.go", "Go", 0, 49, 0, 0, 0, 0, 0, 0, 0, 0, 0, 25, 10, 84
"y:\github\webstress-api\assets\tgbot\core\route.go", "Go", 0, 15, 0, 0, 0, 0, 0, 0, 0, 0, 0, 0, 2, 17
"y:\github\webstress-api\assets\tgbot\database.db", "sqlite3-editor-database", 0, 0, 0, 0, 0, 0, 2749, 0, 0, 0, 0, 0, 148, 2897
"y:\github\webstress-api\assets\tgbot\database\init.go", "Go", 0, 45, 0, 0, 0, 0, 0, 0, 0, 0, 0, 3, 11, 59
"y:\github\webstress-api\assets\tgbot\database\tokens.go", "Go", 0, 39, 0, 0, 0, 0, 0, 0, 0, 0, 0, 0, 8, 47
"y:\github\webstress-api\assets\tgbot\database\users.go", "Go", 0, 55, 0, 0, 0, 0, 0, 0, 0, 0, 0, 1, 8, 64
"y:\github\webstress-api\assets\tgbot\go.mod", "Go Module File", 0, 0, 0, 9, 0, 0, 0, 0, 0, 0, 0, 0, 4, 13
"y:\github\webstress-api\assets\tgbot\go.sum", "Go Checksum File", 10, 0, 0, 0, 0, 0, 0, 0, 0, 0, 0, 0, 1, 11
"y:\github\webstress-api\assets\tgbot\main.go", "Go", 0, 23, 0, 0, 0, 0, 0, 0, 0, 0, 0, 0, 3, 26
"y:\github\webstress-api\assets\tgbot\models\bot\send.go", "Go", 0, 31, 0, 0, 0, 0, 0, 0, 0, 0, 0, 3, 10, 44
"y:\github\webstress-api\assets\tgbot\models\bot\start.go", "Go", 0, 16, 0, 0, 0, 0, 0, 0, 0, 0, 0, 0, 4, 20
"y:\github\webstress-api\assets\tgbot\models\config.go", "Go", 0, 45, 0, 0, 0, 0, 0, 0, 0, 0, 0, 2, 9, 56
"y:\github\webstress-api\assets\tgbot\models\server\server.go", "Go", 0, 13, 0, 0, 0, 0, 0, 0, 0, 0, 0, 0, 3, 16
"y:\github\webstress-api\assets\tgbot\models\sessions\session.go", "Go", 0, 30, 0, 0, 0, 0, 0, 0, 0, 0, 0, 1, 8, 39
"y:\github\webstress-api\core\database\api.go", "Go", 0, 78, 0, 0, 0, 0, 0, 0, 0, 0, 0, 3, 13, 94
"y:\github\webstress-api\core\database\attacks.go", "Go", 0, 185, 0, 0, 0, 0, 0, 0, 0, 0, 0, 0, 23, 208
"y:\github\webstress-api\core\database\db.go", "Go", 0, 13, 0, 0, 0, 0, 0, 0, 0, 0, 0, 0, 6, 19
"y:\github\webstress-api\core\database\hash.go", "Go", 0, 18, 0, 0, 0, 0, 0, 0, 0, 0, 0, 1, 7, 26
"y:\github\webstress-api\core\database\init.go", "Go", 0, 38, 0, 0, 0, 0, 0, 0, 0, 0, 0, 1, 8, 47
"y:\github\webstress-api\core\database\invites.go", "Go", 0, 26, 0, 0, 0, 0, 0, 0, 0, 0, 0, 0, 5, 31
"y:\github\webstress-api\core\database\news.go", "Go", 0, 51, 0, 0, 0, 0, 0, 0, 0, 0, 0, 0, 8, 59
"y:\github\webstress-api\core\database\ranks.go", "Go", 0, 90, 0, 0, 0, 0, 0, 0, 0, 0, 0, 3, 10, 103
"y:\github\webstress-api\core\database\sales.go", "Go", 0, 110, 0, 0, 0, 0, 0, 0, 0, 0, 0, 0, 14, 124
"y:\github\webstress-api\core\database\site.go", "Go", 0, 90, 0, 0, 0, 0, 0, 0, 0, 0, 0, 0, 14, 104
"y:\github\webstress-api\core\database\ticket.go", "Go", 0, 257, 0, 0, 0, 0, 0, 0, 0, 0, 0, 12, 53, 322
"y:\github\webstress-api\core\database\user.go", "Go", 0, 327, 0, 0, 0, 0, 0, 0, 0, 0, 0, 12, 44, 383
"y:\github\webstress-api\core\footer.html", "HTML", 0, 0, 12, 0, 0, 0, 0, 0, 0, 0, 0, 4, 2, 18
"y:\github\webstress-api\core\init.go", "Go", 0, 67, 0, 0, 0, 0, 0, 0, 0, 0, 0, 0, 6, 73
"y:\github\webstress-api\core\master\admin\UserList.go", "Go", 0, 42, 0, 0, 0, 0, 0, 0, 0, 0, 0, 0, 3, 45
"y:\github\webstress-api\core\master\admin\dashV2.go", "Go", 0, 42, 0, 0, 0, 0, 0, 0, 0, 0, 0, 0, 3, 45
"y:\github\webstress-api\core\master\admin\edit.go", "Go", 0, 42, 0, 0, 0, 0, 0, 0, 0, 0, 0, 0, 3, 45
"y:\github\webstress-api\core\master\admin\middleware.go", "Go", 0, 6, 0, 0, 0, 0, 0, 0, 0, 0, 0, 0, 3, 9
"y:\github\webstress-api\core\master\admin\route.go", "Go", 0, 5, 0, 0, 0, 0, 0, 0, 0, 0, 0, 0, 3, 8
"y:\github\webstress-api\core\master\admin\servers.go", "Go", 0, 42, 0, 0, 0, 0, 0, 0, 0, 0, 0, 0, 3, 45
"y:\github\webstress-api\core\master\admin\settings.go", "Go", 0, 54, 0, 0, 0, 0, 0, 0, 0, 0, 0, 0, 3, 57
"y:\github\webstress-api\core\master\admin\ticket.go", "Go", 0, 42, 0, 0, 0, 0, 0, 0, 0, 0, 0, 0, 3, 45
"y:\github\webstress-api\core\master\admin\tickets.go", "Go", 0, 42, 0, 0, 0, 0, 0, 0, 0, 0, 0, 0, 3, 45
"y:\github\webstress-api\core\master\api\account\route.go", "Go", 0, 7, 0, 0, 0, 0, 0, 0, 0, 0, 0, 0, 3, 10
"y:\github\webstress-api\core\master\api\admin\adminData.go", "Go", 0, 83, 0, 0, 0, 0, 0, 0, 0, 0, 0, 1, 5, 89
"y:\github\webstress-api\core\master\api\admin\adminGetUser.go", "Go", 0, 49, 0, 0, 0, 0, 0, 0, 0, 0, 0, 0, 6, 55
"y:\github\webstress-api\core\master\api\admin\adminRemoveBlacklist.go", "Go", 0, 48, 0, 0, 0, 0, 0, 0, 0, 0, 0, 11, 7, 66
"y:\github\webstress-api\core\master\api\admin\adminSettings.go", "Go", 0, 88, 0, 0, 0, 0, 0, 0, 0, 0, 0, 9, 14, 111
"y:\github\webstress-api\core\master\api\admin\adminTickets.go", "Go", 0, 58, 0, 0, 0, 0, 0, 0, 0, 0, 0, 1, 4, 63
"y:\github\webstress-api\core\master\api\admin\adminUpdateNews.go", "Go", 0, 42, 0, 0, 0, 0, 0, 0, 0, 0, 0, 0, 4, 46
"y:\github\webstress-api\core\master\api\admin\adminUpdateTIcket.go", "Go", 0, 44, 0, 0, 0, 0, 0, 0, 0, 0, 0, 3, 6, 53
"y:\github\webstress-api\core\master\api\admin\adminUpdateUser.go", "Go", 0, 81, 0, 0, 0, 0, 0, 0, 0, 0, 0, 5, 9, 95
"y:\github\webstress-api\core\master\api\admin\adminUserList.go", "Go", 0, 68, 0, 0, 0, 0, 0, 0, 0, 0, 0, 0, 4, 72
"y:\github\webstress-api\core\master\api\admin\route.go", "Go", 0, 5, 0, 0, 0, 0, 0, 0, 0, 0, 0, 0, 3, 8
"y:\github\webstress-api\core\master\api\attacks\route.go", "Go", 0, 5, 0, 0, 0, 0, 0, 0, 0, 0, 0, 0, 3, 8
"y:\github\webstress-api\core\master\api\attacks\start.go", "Go", 0, 213, 0, 0, 0, 0, 0, 0, 0, 0, 0, 21, 12, 246
"y:\github\webstress-api\core\master\api\attacks\stop.go", "Go", 0, 64, 0, 0, 0, 0, 0, 0, 0, 0, 0, 0, 9, 73
"y:\github\webstress-api\core\master\api\attacks\stopAll.go", "Go", 0, 16, 0, 0, 0, 0, 0, 0, 0, 0, 0, 0, 3, 19
"y:\github\webstress-api\core\master\api\attacks\validate.go", "Go", 0, 141, 0, 0, 0, 0, 0, 0, 0, 0, 0, 10, 20, 171
"y:\github\webstress-api\core\master\api\dashboard\dashboardAddons.go", "Go", 0, 40, 0, 0, 0, 0, 0, 0, 0, 0, 0, 0, 5, 45
"y:\github\webstress-api\core\master\api\dashboard\dashboardAttacks.go", "Go", 0, 40, 0, 0, 0, 0, 0, 0, 0, 0, 0, 0, 5, 45
"y:\github\webstress-api\core\master\api\dashboard\dashboardData.go", "Go", 0, 193, 0, 0, 0, 0, 0, 0, 0, 0, 0, 0, 2, 195
"y:\github\webstress-api\core\master\api\dashboard\dashboardPlans.go", "Go", 0, 50, 0, 0, 0, 0, 0, 0, 0, 0, 0, 0, 5, 55
"y:\github\webstress-api\core\master\api\dashboard\route.go", "Go", 0, 5, 0, 0, 0, 0, 0, 0, 0, 0, 0, 0, 3, 8
"y:\github\webstress-api\core\master\api\dashboard\userInfo.go", "Go", 0, 25, 0, 0, 0, 0, 0, 0, 0, 0, 0, 2, 4, 31
"y:\github\webstress-api\core\master\api\manager\api.go", "Go", 0, 51, 0, 0, 0, 0, 0, 0, 0, 0, 0, 1, 9, 61
"y:\github\webstress-api\core\master\api\manager\route.go", "Go", 0, 5, 0, 0, 0, 0, 0, 0, 0, 0, 0, 0, 3, 8
"y:\github\webstress-api\core\master\api\manager\whitelist.go", "Go", 0, 8, 0, 0, 0, 0, 0, 0, 0, 0, 0, 0, 3, 11
"y:\github\webstress-api\core\master\api\panel\attackMethods.go", "Go", 0, 76, 0, 0, 0, 0, 0, 0, 0, 0, 0, 0, 3, 79
"y:\github\webstress-api\core\master\api\panel\attackRunning.go", "Go", 0, 62, 0, 0, 0, 0, 0, 0, 0, 0, 0, 0, 4, 66
"y:\github\webstress-api\core\master\api\panel\route.go", "Go", 0, 5, 0, 0, 0, 0, 0, 0, 0, 0, 0, 0, 3, 8
"y:\github\webstress-api\core\master\api\payments\addons.go", "Go", 0, 74, 0, 0, 0, 0, 0, 0, 0, 0, 0, 1, 12, 87
"y:\github\webstress-api\core\master\api\payments\create.go", "Go", 0, 57, 0, 0, 0, 0, 0, 0, 0, 0, 0, 3, 7, 67
"y:\github\webstress-api\core\master\api\payments\get.go", "Go", 0, 49, 0, 0, 0, 0, 0, 0, 0, 0, 0, 0, 3, 52
"y:\github\webstress-api\core\master\api\payments\purchase.go", "Go", 0, 43, 0, 0, 0, 0, 0, 0, 0, 0, 0, 0, 4, 47
"y:\github\webstress-api\core\master\api\payments\route.go", "Go", 0, 5, 0, 0, 0, 0, 0, 0, 0, 0, 0, 0, 3, 8
"y:\github\webstress-api\core\master\api\payments\transaction.go", "Go", 0, 69, 0, 0, 0, 0, 0, 0, 0, 0, 0, 4, 6, 79
"y:\github\webstress-api\core\master\api\payments\webhook.go", "Go", 0, 337, 0, 0, 0, 0, 0, 0, 0, 0, 0, 1, 6, 344
"y:\github\webstress-api\core\master\api\route.go", "Go", 0, 27, 0, 0, 0, 0, 0, 0, 0, 0, 0, 0, 5, 32
"y:\github\webstress-api\core\master\api\status.go", "Go", 0, 74, 0, 0, 0, 0, 0, 0, 0, 0, 0, 0, 5, 79
"y:\github\webstress-api\core\master\api\tickets\getMessages.go", "Go", 0, 64, 0, 0, 0, 0, 0, 0, 0, 0, 0, 4, 10, 78
"y:\github\webstress-api\core\master\api\tickets\getTicket.go", "Go", 0, 48, 0, 0, 0, 0, 0, 0, 0, 0, 0, 3, 2, 53
"y:\github\webstress-api\core\master\api\tickets\route.go", "Go", 0, 5, 0, 0, 0, 0, 0, 0, 0, 0, 0, 0, 3, 8
"y:\github\webstress-api\core\master\api\tickets\ticket.go", "Go", 0, 48, 0, 0, 0, 0, 0, 0, 0, 0, 0, 6, 6, 60
"y:\github\webstress-api\core\master\api\tickets\ticketNew.go", "Go", 0, 48, 0, 0, 0, 0, 0, 0, 0, 0, 0, 4, 7, 59
"y:\github\webstress-api\core\master\api\tickets\updateTIcket.go", "Go", 0, 51, 0, 0, 0, 0, 0, 0, 0, 0, 0, 4, 10, 65
"y:\github\webstress-api\core\master\authentication\login.go", "Go", 0, 32, 0, 0, 0, 0, 0, 0, 0, 0, 0, 0, 4, 36
"y:\github\webstress-api\core\master\authentication\logout.go", "Go", 0, 30, 0, 0, 0, 0, 0, 0, 0, 0, 0, 0, 6, 36
"y:\github\webstress-api\core\master\authentication\route.go", "Go", 0, 5, 0, 0, 0, 0, 0, 0, 0, 0, 0, 0, 3, 8
"y:\github\webstress-api\core\master\authentication\signup.go", "Go", 0, 16, 0, 0, 0, 0, 0, 0, 0, 0, 0, 0, 5, 21
"y:\github\webstress-api\core\master\dashboard\account.go", "Go", 0, 38, 0, 0, 0, 0, 0, 0, 0, 0, 0, 0, 3, 41
"y:\github\webstress-api\core\master\dashboard\addons.go", "Go", 0, 38, 0, 0, 0, 0, 0, 0, 0, 0, 0, 0, 3, 41
"y:\github\webstress-api\core\master\dashboard\api.go", "Go", 0, 48, 0, 0, 0, 0, 0, 0, 0, 0, 0, 0, 3, 51
"y:\github\webstress-api\core\master\dashboard\attack.go", "Go", 0, 36, 0, 0, 0, 0, 0, 0, 0, 0, 0, 0, 3, 39
"y:\github\webstress-api\core\master\dashboard\deposit.go", "Go", 0, 38, 0, 0, 0, 0, 0, 0, 0, 0, 0, 0, 4, 42
"y:\github\webstress-api\core\master\dashboard\faq.go", "Go", 0, 39, 0, 0, 0, 0, 0, 0, 0, 0, 0, 0, 4, 43
"y:\github\webstress-api\core\master\dashboard\route.go", "Go", 0, 5, 0, 0, 0, 0, 0, 0, 0, 0, 0, 0, 3, 8
"y:\github\webstress-api\core\master\dashboard\ticket.go", "Go", 0, 38, 0, 0, 0, 0, 0, 0, 0, 0, 0, 0, 3, 41
"y:\github\webstress-api\core\master\dashboard\tickets.go", "Go", 0, 38, 0, 0, 0, 0, 0, 0, 0, 0, 0, 0, 3, 41
"y:\github\webstress-api\core\master\dashboard\transaction.go", "Go", 0, 38, 0, 0, 0, 0, 0, 0, 0, 0, 0, 0, 4, 42
"y:\github\webstress-api\core\master\dashboard\upgrade.go", "Go", 0, 38, 0, 0, 0, 0, 0, 0, 0, 0, 0, 0, 4, 42
"y:\github\webstress-api\core\master\dashboard\user.go", "Go", 0, 41, 0, 0, 0, 0, 0, 0, 0, 0, 0, 2, 3, 46
"y:\github\webstress-api\core\master\error.go", "Go", 0, 7, 0, 0, 0, 0, 0, 0, 0, 0, 0, 1, 3, 11
"y:\github\webstress-api\core\master\internal\login.go", "Go", 0, 72, 0, 0, 0, 0, 0, 0, 0, 0, 0, 0, 11, 83
"y:\github\webstress-api\core\master\internal\signup.go", "Go", 0, 156, 0, 0, 0, 0, 0, 0, 0, 0, 0, 7, 19, 182
"y:\github\webstress-api\core\master\landing\landing.go", "Go", 0, 29, 0, 0, 0, 0, 0, 0, 0, 0, 0, 0, 3, 32
"y:\github\webstress-api\core\master\landing\route.go", "Go", 0, 5, 0, 0, 0, 0, 0, 0, 0, 0, 0, 0, 3, 8
"y:\github\webstress-api\core\master\newV2.go", "Go", 0, 34, 0, 0, 0, 0, 0, 0, 0, 0, 0, 0, 5, 39
"y:\github\webstress-api\core\master\sessions\check.go", "Go", 0, 33, 0, 0, 0, 0, 0, 0, 0, 0, 0, 0, 5, 38
"y:\github\webstress-api\core\master\sessions\flash.go", "Go", 0, 70, 0, 0, 0, 0, 0, 0, 0, 0, 0, 4, 11, 85
"y:\github\webstress-api\core\master\sessions\session.go", "Go", 0, 19, 0, 0, 0, 0, 0, 0, 0, 0, 0, 2, 6, 27
"y:\github\webstress-api\core\models\antiflood\context.go", "Go", 0, 12, 0, 0, 0, 0, 0, 0, 0, 0, 0, 0, 5, 17
"y:\github\webstress-api\core\models\antiflood\limiter.go", "Go", 0, 175, 0, 0, 0, 0, 0, 0, 0, 0, 0, 0, 42, 217
"y:\github\webstress-api\core\models\antiflood\new.go", "Go", 0, 114, 0, 0, 0, 0, 0, 0, 0, 0, 0, 8, 22, 144
"y:\github\webstress-api\core\models\apis\api.go", "Go", 0, 122, 0, 0, 0, 0, 0, 0, 0, 0, 0, 6, 14, 142
"y:\github\webstress-api\core\models\apis\method.go", "Go", 0, 4, 0, 0, 0, 0, 0, 0, 0, 0, 0, 0, 2, 6
"y:\github\webstress-api\core\models\config.go", "Go", 0, 54, 0, 0, 0, 0, 0, 0, 0, 0, 0, 0, 3, 57
"y:\github\webstress-api\core\models\floods\attack.go", "Go", 0, 26, 0, 0, 0, 0, 0, 0, 0, 0, 0, 0, 4, 30
"y:\github\webstress-api\core\models\floods\launch.go", "Go", 0, 4, 0, 0, 0, 0, 0, 0, 0, 0, 0, 0, 2, 6
"y:\github\webstress-api\core\models\floods\method.go", "Go", 0, 19, 0, 0, 0, 0, 0, 0, 0, 0, 0, 0, 4, 23
"y:\github\webstress-api\core\models\functions\query.go", "Go", 0, 55, 0, 0, 0, 0, 0, 0, 0, 0, 0, 4, 9, 68
"y:\github\webstress-api\core\models\functions\render.go", "Go", 0, 77, 0, 0, 0, 0, 0, 0, 0, 0, 0, 4, 12, 93
"y:\github\webstress-api\core\models\functions\term.go", "Go", 0, 55, 0, 0, 0, 0, 0, 0, 0, 0, 0, 8, 9, 72
"y:\github\webstress-api\core\models\functions\toastr.go", "Go", 0, 10, 0, 0, 0, 0, 0, 0, 0, 0, 0, 0, 4, 14
"y:\github\webstress-api\core\models\functions\writer.go", "Go", 0, 13, 0, 0, 0, 0, 0, 0, 0, 0, 0, 0, 3, 16
"y:\github\webstress-api\core\models\log\log.go", "Go", 0, 74, 0, 0, 0, 0, 0, 0, 0, 0, 0, 2, 10, 86
"y:\github\webstress-api\core\models\plans\addons.go", "Go", 0, 10, 0, 0, 0, 0, 0, 0, 0, 0, 0, 0, 2, 12
"y:\github\webstress-api\core\models\plans\general.go", "Go", 0, 6, 0, 0, 0, 0, 0, 0, 0, 0, 0, 0, 2, 8
"y:\github\webstress-api\core\models\plans\limits.go", "Go", 0, 8, 0, 0, 0, 0, 0, 0, 0, 0, 0, 0, 2, 10
"y:\github\webstress-api\core\models\plans\plan.go", "Go", 0, 10, 0, 0, 0, 0, 0, 0, 0, 0, 0, 0, 2, 12
"y:\github\webstress-api\core\models\plans\vars.go", "Go", 0, 7, 0, 0, 0, 0, 0, 0, 0, 0, 0, 0, 2, 9
"y:\github\webstress-api\core\models\ranks\func.go", "Go", 0, 9, 0, 0, 0, 0, 0, 0, 0, 0, 0, 0, 4, 13
"y:\github\webstress-api\core\models\ranks\internal.go", "Go", 0, 27, 0, 0, 0, 0, 0, 0, 0, 0, 0, 0, 2, 29
"y:\github\webstress-api\core\models\ranks\rank.go", "Go", 0, 6, 0, 0, 0, 0, 0, 0, 0, 0, 0, 0, 2, 8
"y:\github\webstress-api\core\models\sellix\client.go", "Go", 0, 34, 0, 0, 0, 0, 0, 0, 0, 0, 0, 0, 6, 40
"y:\github\webstress-api\core\models\sellix\const.go", "Go", 0, 6, 0, 0, 0, 0, 0, 0, 0, 0, 0, 0, 1, 7
"y:\github\webstress-api\core\models\sellix\coupons.go", "Go", 0, 11, 0, 0, 0, 0, 0, 0, 0, 0, 0, 0, 2, 13
"y:\github\webstress-api\core\models\sellix\orders.go", "Go", 0, 30, 0, 0, 0, 0, 0, 0, 0, 0, 0, 0, 6, 36
"y:\github\webstress-api\core\models\sellix\payment.go", "Go", 0, 65, 0, 0, 0, 0, 0, 0, 0, 0, 0, 0, 15, 80
"y:\github\webstress-api\core\models\server\config.go", "Go", 0, 6, 0, 0, 0, 0, 0, 0, 0, 0, 0, 0, 2, 8
"y:\github\webstress-api\core\models\server\handler.go", "Go", 0, 15, 0, 0, 0, 0, 0, 0, 0, 0, 0, 0, 5, 20
"y:\github\webstress-api\core\models\server\route.go", "Go", 0, 33, 0, 0, 0, 0, 0, 0, 0, 0, 0, 0, 8, 41
"y:\github\webstress-api\core\models\server\routes.go", "Go", 0, 66, 0, 0, 0, 0, 0, 0, 0, 0, 0, 0, 7, 73
"y:\github\webstress-api\core\models\server\server.go", "Go", 0, 78, 0, 0, 0, 0, 0, 0, 0, 0, 0, 0, 14, 92
"y:\github\webstress-api\core\models\servers\listener.go", "Go", 0, 98, 0, 0, 0, 0, 0, 0, 0, 0, 0, 9, 16, 123
"y:\github\webstress-api\core\models\servers\message.go", "Go", 0, 151, 0, 0, 0, 0, 0, 0, 0, 0, 0, 3, 11, 165
"y:\github\webstress-api\core\models\servers\server.go", "Go", 0, 177, 0, 0, 0, 0, 0, 0, 0, 0, 0, 5, 25, 207
"y:\github\webstress-api\core\models\servers\serverConfig.go", "Go", 0, 10, 0, 0, 0, 0, 0, 0, 0, 0, 0, 0, 3, 13
"y:\github\webstress-api\core\net\commands\attack.go", "Go", 0, 73, 0, 0, 0, 0, 0, 0, 0, 0, 0, 1, 5, 79
"y:\github\webstress-api\core\net\commands\cmd.go", "Go", 0, 147, 0, 0, 0, 0, 0, 0, 0, 0, 0, 2, 17, 166
"y:\github\webstress-api\core\net\commands\functions.go", "Go", 0, 23, 0, 0, 0, 0, 0, 0, 0, 0, 0, 0, 2, 25
"y:\github\webstress-api\core\net\commands\methods.go", "Go", 0, 12, 0, 0, 0, 0, 0, 0, 0, 0, 0, 0, 3, 15
"y:\github\webstress-api\core\net\commands\ongoing.go", "Go", 0, 26, 0, 0, 0, 0, 0, 0, 0, 0, 0, 0, 5, 31
"y:\github\webstress-api\core\net\commands\reload.go", "Go", 0, 15, 0, 0, 0, 0, 0, 0, 0, 0, 0, 0, 5, 20
"y:\github\webstress-api\core\net\commands\render.go", "Go", 0, 135, 0, 0, 0, 0, 0, 0, 0, 0, 0, 12, 14, 161
"y:\github\webstress-api\core\net\commands\users.go", "Go", 0, 125, 0, 0, 0, 0, 0, 0, 0, 0, 0, 3, 16, 144
"y:\github\webstress-api\core\net\handleSSH.go", "Go", 0, 89, 0, 0, 0, 0, 0, 0, 0, 0, 0, 3, 12, 104
"y:\github\webstress-api\core\net\handler.go", "Go", 0, 103, 0, 0, 0, 0, 0, 0, 0, 0, 0, 3, 16, 122
"y:\github\webstress-api\core\net\server.go", "Go", 0, 85, 0, 0, 0, 0, 0, 0, 0, 0, 0, 6, 14, 105
"y:\github\webstress-api\core\net\sessions\sessions.go", "Go", 0, 60, 0, 0, 0, 0, 0, 0, 0, 0, 0, 0, 11, 71
"y:\github\webstress-api\core\net\term\sshterm.go", "Go", 0, 39, 0, 0, 0, 0, 0, 0, 0, 0, 0, 12, 12, 63
"y:\github\webstress-api\core\net\term\term.go", "Go", 0, 70, 0, 0, 0, 0, 0, 0, 0, 0, 0, 0, 7, 77
"y:\github\webstress-api\core\net\utils\goIP.go", "Go", 0, 23, 0, 0, 0, 0, 0, 0, 0, 0, 0, 2, 5, 30
"y:\github\webstress-api\core\net\utils\spinner.go", "Go", 0, 23, 0, 0, 0, 0, 0, 0, 0, 0, 0, 2, 5, 30
"y:\github\webstress-api\core\net\utils\utils.go", "Go", 0, 8, 0, 0, 0, 0, 0, 0, 0, 0, 0, 0, 3, 11
"y:\github\webstress-api\go.mod", "Go Module File", 0, 0, 0, 31, 0, 0, 0, 0, 0, 0, 0, 0, 4, 35
"y:\github\webstress-api\go.sum", "Go Checksum File", 57, 0, 0, 0, 0, 0, 0, 0, 0, 0, 0, 0, 1, 58
"y:\github\webstress-api\main.go", "Go", 0, 63, 0, 0, 0, 0, 0, 0, 0, 0, 0, 1, 6, 70
"y:\github\webstress-api\modules\goconfig\GoConfig.go", "Go", 0, 24, 0, 0, 0, 0, 0, 0, 0, 0, 0, 27, 9, 60
"y:\github\webstress-api\modules\goconfig\GoConfigDefaults.go", "Go", 0, 54, 0, 0, 0, 0, 0, 0, 0, 0, 0, 3, 14, 71
"y:\github\webstress-api\modules\goconfig\GoConfigIncluder.go", "Go", 0, 18, 0, 0, 0, 0, 0, 0, 0, 0, 0, 28, 9, 55
"y:\github\webstress-api\modules\goconfig\GoConfigMaps.go", "Go", 0, 22, 0, 0, 0, 0, 0, 0, 0, 0, 0, 26, 8, 56
"y:\github\webstress-api\modules\goconfig\GoConfigOptions.go", "Go", 0, 45, 0, 0, 0, 0, 0, 0, 0, 0, 0, 26, 16, 87
"y:\github\webstress-api\modules\goconfig\GoConfigReader.go", "Go", 0, 23, 0, 0, 0, 0, 0, 0, 0, 0, 0, 25, 7, 55
"Total", "-", 67, 8973, 4326, 42, 135, 108, 5494, 332, 0, 5350, 2044, 859, 3159, 30889